Transaction_ID,Sender_Name,Receiver_Name,Account_Number,Amount_INR,Timestamp,Remarks
XLSX-TXN-100,Amit Kumar,Vikram Chauhan,ACC-99441122,9800,2026-08-13 11:00:00,Layered Transfer
XLSX-TXN-101,Amit Kumar,Vikram Chauhan,ACC-99441122,9800,2026-08-13 12:00:00,Layered Transfer
XLSX-TXN-102,Amit Kumar,Vikram Chauhan,ACC-99441122,9800,2026-08-13 13:00:00,Layered Transfer
XLSX-TXN-103,Amit Kumar,Vikram Chauhan,ACC-99441122,9800,2026-08-13 14:00:00,Layered Transfer
XLSX-TXN-104,Amit Kumar,Vikram Chauhan,ACC-99441122,9800,2026-08-13 15:00:00,Layered Transfer
XLSX-NOISE-1000,Sameer Yadav,Arjun Deshmukh,ACC-963874,1500,2026-08-21 08:00:00,Normal Transfer
XLSX-NOISE-1001,Vikram Das,Nitin Patel,ACC-528129,12000,2026-08-21 08:00:00,Normal Transfer
XLSX-NOISE-1002,Ramesh Roy,Ravi Reddy,ACC-419149,1500,2026-08-02 08:00:00,Normal Transfer
XLSX-NOISE-1003,Rajesh Gupta,Ramesh Roy,ACC-663658,1500,2026-08-08 08:00:00,Normal Transfer
XLSX-NOISE-1004,Manish Reddy,Nitin Pandey,ACC-803055,35000,2026-08-12 08:00:00,Normal Transfer
XLSX-NOISE-1005,Rohit Mehta,Suresh Yadav,ACC-878325,35000,2026-08-19 08:00:00,Normal Transfer
XLSX-NOISE-1006,Suresh Kumar,Gaurav Rao,ACC-203831,35000,2026-08-21 08:00:00,Normal Transfer
XLSX-NOISE-1007,Sunil Das,Gaurav Nair,ACC-134305,35000,2026-08-09 08:00:00,Normal Transfer
XLSX-NOISE-1008,Tarun Saxena,Vikram Kumar,ACC-566297,4500,2026-08-15 08:00:00,Normal Transfer
XLSX-NOISE-1009,Ravi Kumar,Ajay Rao,ACC-485178,1500,2026-08-22 08:00:00,Normal Transfer
XLSX-NOISE-1010,Rahul Bhat,Rajesh Bhat,ACC-517479,12000,2026-08-02 08:00:00,Normal Transfer
XLSX-NOISE-1011,Varun Kumar,Kiran Joshi,ACC-196126,1500,2026-08-15 08:00:00,Normal Transfer
XLSX-NOISE-1012,Rajesh Pandey,Neeraj Sharma,ACC-925013,1500,2026-08-02 08:00:00,Normal Transfer
XLSX-NOISE-1013,Alok Pandey,Deepak Kumar,ACC-692002,4500,2026-08-26 08:00:00,Normal Transfer
XLSX-NOISE-1014,Manish Bhat,Rahul Mishra,ACC-326441,4500,2026-08-19 08:00:00,Normal Transfer
XLSX-NOISE-1015,Deepak Gupta,Arjun Reddy,ACC-724932,4500,2026-08-26 08:00:00,Normal Transfer
XLSX-NOISE-1016,Rahul Pandey,Varun Kumar,ACC-666456,4500,2026-08-05 08:00:00,Normal Transfer
XLSX-NOISE-1017,Sachin Nair,Pankaj Verma,ACC-127032,1500,2026-08-22 08:00:00,Normal Transfer
XLSX-NOISE-1018,Suresh Das,Ravi Nair,ACC-926730,12000,2026-08-26 08:00:00,Normal Transfer
XLSX-NOISE-1019,Ravi Kumar,Ramesh Verma,ACC-282710,12000,2026-08-01 08:00:00,Normal Transfer
XLSX-NOISE-1020,Tarun Nair,Aman Rao,ACC-541409,4500,2026-08-24 08:00:00,Normal Transfer
XLSX-NOISE-1021,Vikram Verma,Ramesh Roy,ACC-570050,1500,2026-08-16 08:00:00,Normal Transfer
XLSX-NOISE-1022,Ajay Rao,Sameer Mehta,ACC-628313,1500,2026-08-15 08:00:00,Normal Transfer
XLSX-NOISE-1023,Arjun Deshmukh,Gaurav Nair,ACC-921273,1500,2026-08-24 08:00:00,Normal Transfer
XLSX-NOISE-1024,Sachin Bhat,Sachin Deshmukh,ACC-774591,12000,2026-08-15 08:00:00,Normal Transfer
XLSX-NOISE-1025,Ajay Yadav,Arjun Rao,ACC-546980,35000,2026-08-13 08:00:00,Normal Transfer
XLSX-NOISE-1026,Neeraj Pandey,Neeraj Roy,ACC-565108,35000,2026-08-23 08:00:00,Normal Transfer
XLSX-NOISE-1027,Rohit Singh,Tarun Mehta,ACC-255539,12000,2026-08-20 08:00:00,Normal Transfer
XLSX-NOISE-1028,Anil Kumar,Alok Joshi,ACC-763829,12000,2026-08-20 08:00:00,Normal Transfer
XLSX-NOISE-1029,Neeraj Singh,Varun Das,ACC-726410,12000,2026-08-13 08:00:00,Normal Transfer
XLSX-NOISE-1030,Varun Sharma,Gaurav Kumar,ACC-734836,35000,2026-08-17 08:00:00,Normal Transfer
XLSX-NOISE-1031,Kiran Chauhan,Vijay Singh,ACC-782535,1500,2026-08-21 08:00:00,Normal Transfer
XLSX-NOISE-1032,Aman Bhat,Aman Gupta,ACC-573489,4500,2026-08-14 08:00:00,Normal Transfer
XLSX-NOISE-1033,Varun Joshi,Ravi Rao,ACC-518098,12000,2026-08-15 08:00:00,Normal Transfer
XLSX-NOISE-1034,Neeraj Bhat,Suresh Kumar,ACC-547494,1500,2026-08-11 08:00:00,Normal Transfer
XLSX-NOISE-1035,Vijay Patel,Varun Pandey,ACC-260053,12000,2026-08-12 08:00:00,Normal Transfer
XLSX-NOISE-1036,Neeraj Pandey,Anil Sharma,ACC-972176,1500,2026-08-03 08:00:00,Normal Transfer
XLSX-NOISE-1037,Pankaj Pandey,Gaurav Yadav,ACC-880758,35000,2026-08-04 08:00:00,Normal Transfer
XLSX-NOISE-1038,Ramesh Rao,Karan Das,ACC-162894,4500,2026-08-18 08:00:00,Normal Transfer
XLSX-NOISE-1039,Ramesh Verma,Pankaj Deshmukh,ACC-228168,12000,2026-08-22 08:00:00,Normal Transfer
XLSX-NOISE-1040,Ravi Rao,Pooja Saxena,ACC-153945,35000,2026-08-24 08:00:00,Normal Transfer
XLSX-NOISE-1041,Rajesh Verma,Nitin Mehta,ACC-208633,12000,2026-08-12 08:00:00,Normal Transfer
XLSX-NOISE-1042,Aman Mehta,Anil Chauhan,ACC-788637,4500,2026-08-05 08:00:00,Normal Transfer
XLSX-NOISE-1043,Rohit Kumar,Ramesh Pandey,ACC-986438,1500,2026-08-12 08:00:00,Normal Transfer
XLSX-NOISE-1044,Karan Roy,Vikram Kumar,ACC-392099,1500,2026-08-25 08:00:00,Normal Transfer
XLSX-NOISE-1045,Deepak Bhat,Ramesh Pandey,ACC-904711,35000,2026-08-18 08:00:00,Normal Transfer
XLSX-NOISE-1046,Kiran Singh,Gaurav Nair,ACC-789786,1500,2026-08-20 08:00:00,Normal Transfer
XLSX-NOISE-1047,Karan Mishra,Pooja Das,ACC-386544,1500,2026-08-06 08:00:00,Normal Transfer
XLSX-NOISE-1048,Nitin Patel,Rajesh Chauhan,ACC-106402,12000,2026-08-12 08:00:00,Normal Transfer
XLSX-NOISE-1049,Karan Kumar,Sunil Yadav,ACC-248766,35000,2026-08-03 08:00:00,Normal Transfer
XLSX-NOISE-1050,Ramesh Rao,Ajay Chauhan,ACC-882354,1500,2026-08-03 08:00:00,Normal Transfer
XLSX-NOISE-1051,Varun Sharma,Sanjay Sharma,ACC-575682,35000,2026-08-14 08:00:00,Normal Transfer
XLSX-NOISE-1052,Sanjay Deshmukh,Varun Chauhan,ACC-856648,12000,2026-08-10 08:00:00,Normal Transfer
XLSX-NOISE-1053,Tarun Verma,Neeraj Rao,ACC-263137,1500,2026-08-02 08:00:00,Normal Transfer
XLSX-NOISE-1054,Varun Chauhan,Sachin Pandey,ACC-185544,1500,2026-08-22 08:00:00,Normal Transfer
XLSX-NOISE-1055,Ravi Chauhan,Ajay Verma,ACC-736565,35000,2026-08-16 08:00:00,Normal Transfer
XLSX-NOISE-1056,Ajay Verma,Neeraj Bhat,ACC-891615,12000,2026-08-07 08:00:00,Normal Transfer
XLSX-NOISE-1057,Sameer Mehta,Ramesh Roy,ACC-216276,12000,2026-08-14 08:00:00,Normal Transfer
XLSX-NOISE-1058,Ajay Patel,Karan Verma,ACC-799539,35000,2026-08-17 08:00:00,Normal Transfer
XLSX-NOISE-1059,Rajesh Nair,Karan Joshi,ACC-728437,4500,2026-08-13 08:00:00,Normal Transfer
XLSX-NOISE-1060,Pooja Reddy,Sunil Reddy,ACC-321494,4500,2026-08-10 08:00:00,Normal Transfer
XLSX-NOISE-1061,Ravi Reddy,Amit Rao,ACC-225812,12000,2026-08-11 08:00:00,Normal Transfer
XLSX-NOISE-1062,Sunil Reddy,Pooja Verma,ACC-235461,35000,2026-08-06 08:00:00,Normal Transfer
XLSX-NOISE-1063,Priya Joshi,Aman Verma,ACC-685864,4500,2026-08-17 08:00:00,Normal Transfer
XLSX-NOISE-1064,Ramesh Joshi,Pooja Saxena,ACC-878086,1500,2026-08-13 08:00:00,Normal Transfer
XLSX-NOISE-1065,Deepak Joshi,Pankaj Joshi,ACC-181644,1500,2026-08-15 08:00:00,Normal Transfer
XLSX-NOISE-1066,Vijay Patel,Aman Mehta,ACC-524068,35000,2026-08-19 08:00:00,Normal Transfer
XLSX-NOISE-1067,Kiran Mishra,Nitin Gupta,ACC-220768,35000,2026-08-10 08:00:00,Normal Transfer
XLSX-NOISE-1068,Gaurav Verma,Suresh Roy,ACC-940247,12000,2026-08-06 08:00:00,Normal Transfer
XLSX-NOISE-1069,Sachin Pandey,Ravi Bhat,ACC-557925,12000,2026-08-03 08:00:00,Normal Transfer
XLSX-NOISE-1070,Neeraj Roy,Deepak Kumar,ACC-519902,35000,2026-08-19 08:00:00,Normal Transfer
XLSX-NOISE-1071,Vikram Verma,Tarun Mehta,ACC-882033,35000,2026-08-10 08:00:00,Normal Transfer
XLSX-NOISE-1072,Vikram Reddy,Arjun Deshmukh,ACC-276299,12000,2026-08-25 08:00:00,Normal Transfer
XLSX-NOISE-1073,Ajay Sharma,Vikram Joshi,ACC-634723,1500,2026-08-17 08:00:00,Normal Transfer
XLSX-NOISE-1074,Sachin Mishra,Arjun Pandey,ACC-958729,12000,2026-08-24 08:00:00,Normal Transfer
XLSX-NOISE-1075,Rajesh Bhat,Amit Nair,ACC-253557,4500,2026-08-04 08:00:00,Normal Transfer
XLSX-NOISE-1076,Amit Rao,Kiran Nair,ACC-260295,4500,2026-08-20 08:00:00,Normal Transfer
XLSX-NOISE-1077,Anil Mishra,Ajay Sharma,ACC-758452,4500,2026-08-25 08:00:00,Normal Transfer
XLSX-NOISE-1078,Rajesh Gupta,Vikram Das,ACC-691912,35000,2026-08-22 08:00:00,Normal Transfer
XLSX-NOISE-1079,Amit Kumar,Ajay Chauhan,ACC-431495,12000,2026-08-21 08:00:00,Normal Transfer
XLSX-NOISE-1080,Sameer Kumar,Tarun Patel,ACC-563688,1500,2026-08-16 08:00:00,Normal Transfer
XLSX-NOISE-1081,Rohit Yadav,Vikram Yadav,ACC-158900,12000,2026-08-19 08:00:00,Normal Transfer
XLSX-NOISE-1082,Pooja Saxena,Anil Chauhan,ACC-584172,1500,2026-08-10 08:00:00,Normal Transfer
XLSX-NOISE-1083,Ravi Singh,Rahul Singh,ACC-972097,1500,2026-08-12 08:00:00,Normal Transfer
XLSX-NOISE-1084,Rajesh Verma,Ajay Sharma,ACC-722937,1500,2026-08-20 08:00:00,Normal Transfer
XLSX-NOISE-1085,Anil Chauhan,Rohit Pandey,ACC-681242,35000,2026-08-19 08:00:00,Normal Transfer
XLSX-NOISE-1086,Ramesh Rao,Deepak Joshi,ACC-699425,35000,2026-08-26 08:00:00,Normal Transfer
XLSX-NOISE-1087,Sachin Joshi,Kiran Joshi,ACC-598733,12000,2026-08-20 08:00:00,Normal Transfer
XLSX-NOISE-1088,Tarun Kumar,Sameer Kumar,ACC-208529,1500,2026-08-15 08:00:00,Normal Transfer
XLSX-NOISE-1089,Sanjay Deshmukh,Ramesh Deshmukh,ACC-777513,1500,2026-08-17 08:00:00,Normal Transfer
XLSX-NOISE-1090,Pankaj Verma,Deepak Joshi,ACC-559022,4500,2026-08-23 08:00:00,Normal Transfer
XLSX-NOISE-1091,Tarun Patel,Vikram Verma,ACC-490963,4500,2026-08-12 08:00:00,Normal Transfer
XLSX-NOISE-1092,Ajay Patel,Nitin Pandey,ACC-454803,35000,2026-08-25 08:00:00,Normal Transfer
XLSX-NOISE-1093,Karan Verma,Nitin Mehta,ACC-761532,1500,2026-08-26 08:00:00,Normal Transfer
XLSX-NOISE-1094,Rajesh Bhat,Alok Pandey,ACC-199096,1500,2026-08-11 08:00:00,Normal Transfer
XLSX-NOISE-1095,Karan Roy,Karan Verma,ACC-364236,35000,2026-08-10 08:00:00,Normal Transfer
XLSX-NOISE-1096,Deepak Singh,Sachin Bhat,ACC-185461,4500,2026-08-11 08:00:00,Normal Transfer
XLSX-NOISE-1097,Neeraj Singh,Rajesh Pandey,ACC-425301,4500,2026-08-12 08:00:00,Normal Transfer
XLSX-NOISE-1098,Anil Mishra,Suresh Yadav,ACC-723945,35000,2026-08-05 08:00:00,Normal Transfer
XLSX-NOISE-1099,Kiran Mishra,Pankaj Pandey,ACC-494976,12000,2026-08-18 08:00:00,Normal Transfer
XLSX-NOISE-1100,Amit Kumar,Arjun Reddy,ACC-836971,4500,2026-08-22 08:00:00,Normal Transfer
XLSX-NOISE-1101,Ramesh Rao,Neeraj Pandey,ACC-803024,1500,2026-08-21 08:00:00,Normal Transfer
XLSX-NOISE-1102,Kiran Kumar,Vikram Joshi,ACC-480211,12000,2026-08-01 08:00:00,Normal Transfer
XLSX-NOISE-1103,Rajesh Chauhan,Karan Kumar,ACC-903373,4500,2026-08-11 08:00:00,Normal Transfer
XLSX-NOISE-1104,Manish Mishra,Sachin Mishra,ACC-262471,4500,2026-08-05 08:00:00,Normal Transfer
XLSX-NOISE-1105,Ajay Sharma,Gaurav Kumar,ACC-908320,1500,2026-08-17 08:00:00,Normal Transfer
XLSX-NOISE-1106,Ravi Saxena,Ramesh Rao,ACC-453123,1500,2026-08-22 08:00:00,Normal Transfer
XLSX-NOISE-1107,Sachin Pandey,Suresh Das,ACC-270128,35000,2026-08-05 08:00:00,Normal Transfer
XLSX-NOISE-1108,Karan Kumar,Karan Mishra,ACC-558933,4500,2026-08-24 08:00:00,Normal Transfer
XLSX-NOISE-1109,Karan Joshi,Ravi Rao,ACC-854540,12000,2026-08-22 08:00:00,Normal Transfer
XLSX-NOISE-1110,Ravi Kumar,Ajay Verma,ACC-884897,12000,2026-08-25 08:00:00,Normal Transfer
XLSX-NOISE-1111,Arjun Chauhan,Deepak Gupta,ACC-947903,4500,2026-08-10 08:00:00,Normal Transfer
XLSX-NOISE-1112,Anil Patel,Sachin Mishra,ACC-698128,12000,2026-08-22 08:00:00,Normal Transfer
XLSX-NOISE-1113,Tarun Patel,Vikram Das,ACC-500422,12000,2026-08-25 08:00:00,Normal Transfer
XLSX-NOISE-1114,Tarun Kumar,Varun Sharma,ACC-956572,35000,2026-08-06 08:00:00,Normal Transfer
XLSX-NOISE-1115,Vikram Rao,Deepak Deshmukh,ACC-154714,4500,2026-08-09 08:00:00,Normal Transfer
XLSX-NOISE-1116,Amit Kumar,Rohit Kumar,ACC-207573,12000,2026-08-18 08:00:00,Normal Transfer
XLSX-NOISE-1117,Ramesh Deshmukh,Vijay Deshmukh,ACC-187949,1500,2026-08-10 08:00:00,Normal Transfer
XLSX-NOISE-1118,Vikram Patel,Ravi Chauhan,ACC-254506,35000,2026-08-17 08:00:00,Normal Transfer
XLSX-NOISE-1119,Pankaj Joshi,Gaurav Yadav,ACC-466566,4500,2026-08-15 08:00:00,Normal Transfer
XLSX-NOISE-1120,Suresh Mishra,Neeraj Bhat,ACC-626392,1500,2026-08-13 08:00:00,Normal Transfer
XLSX-NOISE-1121,Karan Das,Ravi Kumar,ACC-493124,35000,2026-08-03 08:00:00,Normal Transfer
XLSX-NOISE-1122,Ramesh Pandey,Ajay Yadav,ACC-979940,12000,2026-08-04 08:00:00,Normal Transfer
XLSX-NOISE-1123,Ramesh Deshmukh,Sachin Joshi,ACC-253143,12000,2026-08-26 08:00:00,Normal Transfer
XLSX-NOISE-1124,Ravi Reddy,Rahul Singh,ACC-829884,12000,2026-08-16 08:00:00,Normal Transfer
XLSX-NOISE-1125,Ravi Reddy,Nitin Reddy,ACC-745239,35000,2026-08-15 08:00:00,Normal Transfer
XLSX-NOISE-1126,Sunil Reddy,Tarun Mehta,ACC-326130,1500,2026-08-09 08:00:00,Normal Transfer
XLSX-NOISE-1127,Sameer Kumar,Varun Das,ACC-913875,35000,2026-08-04 08:00:00,Normal Transfer
XLSX-NOISE-1128,Rajesh Verma,Ravi Kumar,ACC-150068,12000,2026-08-04 08:00:00,Normal Transfer
XLSX-NOISE-1129,Varun Singh,Manish Patel,ACC-216242,35000,2026-08-03 08:00:00,Normal Transfer
XLSX-NOISE-1130,Pooja Verma,Kiran Reddy,ACC-640410,1500,2026-08-21 08:00:00,Normal Transfer
XLSX-NOISE-1131,Aman Mehta,Varun Singh,ACC-550089,4500,2026-08-10 08:00:00,Normal Transfer
XLSX-NOISE-1132,Rahul Pandey,Gaurav Nair,ACC-698384,12000,2026-08-08 08:00:00,Normal Transfer
XLSX-NOISE-1133,Neeraj Bhat,Anil Verma,ACC-478120,1500,2026-08-17 08:00:00,Normal Transfer
XLSX-NOISE-1134,Rahul Mishra,Vikram Verma,ACC-592972,1500,2026-08-13 08:00:00,Normal Transfer
XLSX-NOISE-1135,Karan Joshi,Ajay Chauhan,ACC-365971,35000,2026-08-12 08:00:00,Normal Transfer
XLSX-NOISE-1136,Vijay Joshi,Pooja Yadav,ACC-170841,12000,2026-08-26 08:00:00,Normal Transfer
XLSX-NOISE-1137,Sunil Pandey,Varun Singh,ACC-710169,1500,2026-08-25 08:00:00,Normal Transfer
XLSX-NOISE-1138,Vikram Bhat,Alok Pandey,ACC-469412,4500,2026-08-02 08:00:00,Normal Transfer
XLSX-NOISE-1139,Rahul Bhat,Vikram Reddy,ACC-817941,4500,2026-08-25 08:00:00,Normal Transfer
XLSX-NOISE-1140,Vikram Das,Suresh Yadav,ACC-291132,35000,2026-08-21 08:00:00,Normal Transfer
XLSX-NOISE-1141,Manish Reddy,Anil Kumar,ACC-407696,35000,2026-08-02 08:00:00,Normal Transfer
XLSX-NOISE-1142,Vikram Rao,Karan Joshi,ACC-430926,4500,2026-08-02 08:00:00,Normal Transfer
XLSX-NOISE-1143,Rajesh Chauhan,Sameer Mehta,ACC-596395,35000,2026-08-18 08:00:00,Normal Transfer
XLSX-NOISE-1144,Sachin Nair,Rahul Singh,ACC-474314,4500,2026-08-10 08:00:00,Normal Transfer
